armonico,frecuencia,amplitud
1,0.146,4.426177
2,0.328,4.055887
3,0.308,3.962668
4,0.494,3.943019
5,0.496,3.428521
